,x__first_location_of_maximum,x__last_location_of_minimum,x__c3__lag_3,x__cid_ce__normalize_True,x__quantile__q_0.3,x__quantile__q_0.4,x__autocorrelation__lag_0,x__autocorrelation__lag_1,x__autocorrelation__lag_2,x__autocorrelation__lag_3,x__autocorrelation__lag_6,x__autocorrelation__lag_7,x__autocorrelation__lag_8,"x__agg_autocorrelation__f_agg_""median""__maxlag_40","x__agg_autocorrelation__f_agg_""var""__maxlag_40",x__partial_autocorrelation__lag_2,x__partial_autocorrelation__lag_3,x__partial_autocorrelation__lag_4,x__number_cwt_peaks__n_1,x__number_peaks__n_1,x__number_peaks__n_3,x__number_peaks__n_5,x__index_mass_quantile__q_0.1,x__index_mass_quantile__q_0.2,"x__cwt_coefficients__coeff_14__w_20__widths_(2, 5, 10, 20)",x__spkt_welch_density__coeff_2,x__spkt_welch_density__coeff_5,x__ar_coefficient__coeff_0__k_10,x__ar_coefficient__coeff_1__k_10,x__ar_coefficient__coeff_2__k_10,x__ar_coefficient__coeff_3__k_10,x__ar_coefficient__coeff_5__k_10,x__ar_coefficient__coeff_6__k_10,x__ar_coefficient__coeff_7__k_10,x__ar_coefficient__coeff_8__k_10,"x__change_quantiles__f_agg_""mean""__isabs_False__qh_0.2__ql_0.0","x__change_quantiles__f_agg_""var""__isabs_False__qh_0.2__ql_0.0","x__change_quantiles__f_agg_""mean""__isabs_True__qh_0.2__ql_0.0","x__change_quantiles__f_agg_""mean""__isabs_False__qh_0.4__ql_0.0","x__change_quantiles__f_agg_""mean""__isabs_True__qh_0.4__ql_0.0","x__change_quantiles__f_agg_""mean""__isabs_False__qh_0.6__ql_0.0","x__change_quantiles__f_agg_""mean""__isabs_True__qh_0.6__ql_0.0","x__change_quantiles__f_agg_""mean""__isabs_True__qh_0.8__ql_0.0","x__change_quantiles__f_agg_""mean""__isabs_False__qh_1.0__ql_0.0","x__change_quantiles__f_agg_""mean""__isabs_True__qh_1.0__ql_0.0","x__change_quantiles__f_agg_""mean""__isabs_True__qh_1.0__ql_0.2","x__change_quantiles__f_agg_""mean""__isabs_False__qh_0.6__ql_0.4","x__change_quantiles__f_agg_""var""__isabs_False__qh_0.6__ql_0.4","x__change_quantiles__f_agg_""mean""__isabs_True__qh_0.6__ql_0.4","x__change_quantiles__f_agg_""mean""__isabs_False__qh_1.0__ql_0.4","x__change_quantiles__f_agg_""mean""__isabs_True__qh_1.0__ql_0.4","x__change_quantiles__f_agg_""mean""__isabs_False__qh_1.0__ql_0.6","x__change_quantiles__f_agg_""mean""__isabs_True__qh_1.0__ql_0.6","x__change_quantiles__f_agg_""mean""__isabs_False__qh_1.0__ql_0.8","x__change_quantiles__f_agg_""var""__isabs_False__qh_1.0__ql_0.8","x__change_quantiles__f_agg_""mean""__isabs_True__qh_1.0__ql_0.8","x__fft_coefficient__attr_""angle""__coeff_99","x__fft_aggregated__aggtype_""variance""","x__fft_aggregated__aggtype_""skew""",x__friedrich_coefficients__coeff_1__m_3__r_30,"x__agg_linear_trend__attr_""rvalue""__chunk_len_10__f_agg_""min""","x__agg_linear_trend__attr_""intercept""__chunk_len_5__f_agg_""mean""","x__agg_linear_trend__attr_""intercept""__chunk_len_10__f_agg_""min""","x__agg_linear_trend__attr_""slope""__chunk_len_5__f_agg_""mean""","x__agg_linear_trend__attr_""slope""__chunk_len_10__f_agg_""min""","x__agg_linear_trend__attr_""stderr""__chunk_len_5__f_agg_""min""","x__agg_linear_trend__attr_""stderr""__chunk_len_5__f_agg_""mean""","x__agg_linear_trend__attr_""stderr""__chunk_len_10__f_agg_""min""","x__agg_linear_trend__attr_""stderr""__chunk_len_50__f_agg_""min""","x__augmented_dickey_fuller__attr_""usedlag""__autolag_""AIC""",x__number_crossing_m__m_-1,x__energy_ratio_by_chunks__num_segments_10__segment_focus_2,x__lempel_ziv_complexity__bins_100,x__fourier_entropy__bins_2,x__fourier_entropy__bins_3,x__fourier_entropy__bins_5,x__fourier_entropy__bins_10,event_type
0,-0.5127210993591035,-0.5110106870462698,0.11894381920270045,-0.5851237862878536,-0.7002026555528051,-0.8253232497800426,-0.17149858514250882,0.6667809045189591,0.737737932393502,0.9270412013457752,0.5980466814881493,0.6768909669569877,0.2523357088374978,-1.082794754763449,0.670689671316876,0.6915078144172169,-0.918840721413571,-0.43656222869795464,0.482721127777702,0.3760664605356072,0.09816178623641544,-0.5105014001576943,-0.21527056015053703,-0.1975397475241711,-1.464795517767647,1.7562793304619455,1.6531600776497144,0.5462638813016861,0.21863268900541574,-0.20930664472742677,0.20029501374729028,0.1944694699472453,-0.19792693786021448,0.20654588354300965,-0.2169147362917244,1.3912812552995508,-0.5393078388366651,-0.22105696134089228,0.725686099122472,-0.009081987096840553,0.45815975336448717,0.18904679523085038,0.24786764009863338,-0.4090507009217696,0.02240328963498538,0.26928277153166447,-0.6923196417152341,0.38045003797225513,0.6674812130497247,0.21357118334859154,0.22646276958603706,0.44756041676949015,0.057071378105216314,-0.06602018235259155,-0.5406101361246504,-0.1719308956823548,1.1132606377357082,0.6141132669026332,0.3972769363057171,0.30497241605958936,0.24031613923193604,0.09658063465517058,-0.11236870308225613,-0.032456066850423244,0.04936558428862458,0.30972030021418706,0.5836374064630006,0.10477077817400927,-0.2823548560136107,-0.4416241149409814,0.9044584638234943,-0.17922725398458195,0.48406576846758287,-1.2451144129040614,-0.7380621269008454,-0.7052205614612115,-0.9172575346093408,C
2,-0.24012840680115835,-0.3071691004875742,-0.43092726509092266,-0.9596004432045274,0.20835445631999008,0.16050388396726092,-0.17149858514250882,0.9035528872116136,0.992264706394962,1.2342058965349387,0.8262797264099877,0.844334280431057,0.07903269515035999,-2.4307103212368437,1.9099785543758054,-0.6556919899386459,-1.4648071117542165,0.6242265735420288,-0.045204029378815465,-0.4429966762258188,-0.5963751625009819,-0.41517840880212575,0.418069804013103,0.1874714510478783,-0.30655505261847776,1.0717342807234447,0.6547714845753594,-0.2800429375038478,0.34414891512395884,-0.39626971786489823,0.42009851636238754,0.4461024286743765,-0.4542682028994883,0.46073359174346495,-0.4589163810144439,-0.06544391105028924,-1.0336693573929538,-0.8802265492240701,-0.5637911661908438,-0.8575726542756028,-0.16906906781095274,-0.7660986296009705,-0.7090047486137162,0.4113322435129494,-0.8778932489043917,-0.696898304508884,0.891530542985898,-0.40481506223092856,-0.20831017749932418,0.24570809168208277,-0.7436017032780027,-0.06298269410592618,-0.8252935232205947,-0.5916951291873084,-0.9982097037578502,-0.8535414376629944,0.882376755132128,-0.5714985659324437,1.229451048128887,0.11925437062619722,-0.10122085788644496,0.3507372407783227,0.6433134978585746,-0.33853335782898,-0.5154181273163438,-0.17736187427330677,0.14867763051054617,-0.28481050813121545,-0.3604806424568761,1.122461292141661,-1.0740444257903994,0.20444945452477614,-0.048430344329285856,-1.2451144129040614,-1.3255063834239738,-0.8789529604484849,-1.062619977214122,C
3,-0.7492862911779583,-0.3841428577476946,-0.2466348615009078,-0.8644618087963971,0.31926211394829795,0.350833627619645,-0.17149858514250882,0.8478581997474025,0.9137193032379648,1.0900718656042443,0.45999346374729516,0.28399409165100975,-0.540416026408575,-3.0419802072526028,1.5732362587179893,-0.7936078612000226,-0.3102416555610253,-0.11797866852182956,-0.3590171258929064,-0.7921308123998954,-0.8255427378039931,-0.4780786139823309,-0.9135621127696361,-0.893963318863889,1.7777727004119812,1.042197257961784,0.7154166766589373,1.1299045915613428,0.4228056157617173,-0.5518101721445094,0.6281888754360394,0.6840112490669114,-0.6766117692757616,0.645402489869065,-0.581541364742745,0.07991476986083065,-0.5225524727996029,-0.2608660187232896,-0.0306141060870896,-0.424925122006784,-0.22058284008809811,-0.5202296139426583,-0.5768444197784501,1.1254024389472492,-0.5663735628358215,-0.5627216479278461,-0.22112416141623453,-0.5237047612504315,-0.42091623317079385,-0.46140272451299597,-0.5159010951813326,-0.3496012619188126,-0.4246679113844603,-0.1609254519211288,-0.49313164781924346,-0.2255965793032901,1.0767306194780075,-0.6902567982778975,0.8767129976019133,0.022725546697052325,0.6237661532776871,0.6545141134905351,-0.29656618566688286,-0.5662627669635747,0.6402629719340496,0.5128315728007937,0.8004575260005569,0.31631856346828763,0.08568775165584691,-0.5980326556492456,0.9044584638234943,-0.40729911629886484,-0.11354701183701674,-1.0230884106553806,-1.2215525266731444,-0.7820737763959297,-0.964171074990262,C
4,-0.4917820391004869,0.3322784847925382,0.2985562723558268,-0.16096663795644534,-0.9269390510309862,-0.9403646966697439,-0.17149858514250882,0.3417606428518678,0.39622312346954214,0.5330314233842247,0.06613839823193327,-0.25049321447664086,-0.5811929807172527,1.2472704717489445,0.12109688808747099,1.4593576557838626,-0.20626688531546053,-1.3200441272339538,0.5039688895208437,0.6530934582589039,0.5487222695058256,-0.6200904174304229,0.18238977733186587,0.1698162413896018,-1.9871790931077067,0.04470038664894657,-0.3098575037998347,2.201279936997772,0.07574522151600595,-0.007679684385912194,-0.026516849039294323,-0.03940651626124064,0.021850657983183253,0.013471846387169856,-0.07189729040907371,-1.1680180003355305,-0.24976209708535996,0.0927705809295274,-0.209404852836857,0.43624839068236326,-0.7128906133032933,0.678767610416067,0.7835096547787621,0.4352706417214625,0.540062610849168,0.7786761928453517,-2.862061548475214,0.683713939675617,0.9386414286429559,-2.374897486639741,0.6795409563152726,-3.1136026467946056,0.4300730597587408,-1.3899647204627532,-0.2585145367581683,0.09695750403221108,-0.905142492996168,1.2197348594568147,-0.06345422790014732,0.33474246201091584,-0.14105629614149326,0.3797150108619597,-0.06660656262861242,-0.4440617622969058,-0.2719167953067026,0.24366929838565793,0.3973205025266766,0.16686217607083187,0.026498843700899506,-0.4416241149409814,-1.0740444257903994,0.025705824851672658,0.787537838846294,-0.08610597185546473,-0.21022149745256577,-0.37514065100894706,-0.5433714931908588,C
5,-0.3289654492219063,-0.4732677558124087,0.46102811443005404,-0.062490754270858,-0.5778491796307382,-0.44862788458644054,-0.17149858514250882,0.25766585592472074,0.2373477509397091,0.15983160054685003,-0.6020825806165145,-0.5168511452170712,-0.18476272093789117,1.0376758169325253,-0.3401267541081546,0.453909292218331,-0.7763940614128255,-0.5228806122976488,0.3421590116307654,0.4860760691976949,0.5564969368424383,-0.03453489910335853,-0.14130573737880991,-0.16712173570328542,-0.33237409165365817,-0.368744993099427,-0.42745861991142625,1.0834762741162918,0.14861483546542675,-0.12173737463673377,0.10328661921322728,0.08674050753962209,-0.08630560888579897,0.09132472259704405,-0.10128486122370352,-1.3183833540227032,-0.16187157297923405,0.13464244685315932,0.9937624178190533,0.47033156167718565,-0.3225110606391208,0.5720132564819538,0.6808895141087803,1.0098979866770694,0.4783012634565753,0.6808012374556089,-0.657275217703045,0.12049419654318316,0.4158879450219866,-1.743750228436589,0.5738708374871307,-1.375844308655244,0.4697117471682043,-1.477688541599523,-0.16565371083117575,0.1391660968645763,-0.8815197111128675,0.3665908511908328,0.007793612824340118,-0.14768382376476183,0.041978645670933845,0.5018354332298293,-0.11363951384047484,-0.5340615476806349,-0.17467234584910485,0.07086049766571546,0.17088849495412256,0.05620409229976697,0.021728373868884605,-0.4416241149409814,-1.0740444257903994,-0.40616204436803366,0.6710986888480454,0.0758821593903628,0.006047727809524734,0.15348995278508615,-0.10418937413112306,C
6,-0.6791558356794303,-0.4679113345597714,-0.5283699750078582,-0.12454832696449554,0.7974569248142254,0.7129938574280389,-0.17149858514250882,0.31103994294384874,0.19285713413140163,-0.16991053095857625,-1.7081892533939378,-1.3136284914083438,-0.22411703288983728,-0.019025984759911508,0.6929209381953532,-1.279441451175812,-0.023977883551404067,0.38399034406445015,-0.1375500708009308,-0.05072151704700159,0.08779556312093184,0.42068101879874453,-0.49893493422131735,-0.6893330575233855,0.6149492642935445,-0.7806485704988574,-0.5287515212401542,-0.4207780120132294,0.32593449722556717,-0.4235865327588082,0.47825414515742104,0.5145995719694277,-0.5048715941248194,0.4751705786017826,-0.4204447568480189,0.14656640228424894,0.14607585544586923,0.1495208544111621,-0.36246584751061167,-0.22566887088355073,-0.42468380813599055,-0.44620625213897747,-0.5852696807053794,-0.23393500372364232,-0.42619952683619927,-0.5764245571205474,-0.07104392716289587,-0.655455367120804,-0.6845547690034728,0.18185965540262847,-0.4185806599082634,0.35713211927629834,-0.2099061800573638,-0.8642156551425468,0.1554644541287232,0.1833096103665074,-0.8764880529653399,-1.4444815645767963,0.5350628179573269,0.09756598341184632,0.7008108525489178,0.13885346847569266,-0.22417228830012687,-0.13381410841912367,0.6262515797093003,-0.03762049636169284,-0.0494010561801306,0.1902154787662338,0.5069813298700038,-0.4416241149409814,0.9044584638234943,-0.5986064417960185,-0.431624689881013,-0.6187607861787306,-0.718806983586944,-0.4881536974105847,-0.5433714931908588,C
7,0.6163715359832804,0.25044427121058,0.03678290604394995,0.25226973243689066,0.7691544763576089,0.67907804725101,-0.17149858514250882,-0.032951927920021495,-0.013351868487391469,0.02594999978852596,-0.19867041969032523,-0.31232199773343067,-0.12759469138034177,-0.1508465891595887,-0.2939863270931133,1.4689149356676332,0.2522327650173963,-1.007444889013858,0.5717982827777955,0.6148828378832767,0.6035151631162387,0.5490752520531841,0.2118166423055635,0.23320482546389518,-0.32846178492532413,-0.7529609430096337,-0.37879195928985865,-0.6229635893361951,0.058804330971676845,0.015567665681820799,-0.06135984038743322,-0.10941609590154185,0.11838941408837365,-0.11816152274220006,0.10751681006632599,-0.3804435271610902,-1.4703871315198567,-1.7146408147783758,-0.09865761978246505,-1.5358250490816288,-0.26224723256831917,-1.2589670781800397,-1.0691601947886729,-0.9033354538284816,-1.3243139106245676,-1.07234564777244,0.268244968183865,-0.6022199206108066,-0.5542097316042163,-0.22987348426369755,-1.2706870709406846,-0.5108594274250874,-1.5515502694878496,-0.160475148644061,-1.4732891048575414,-1.723714953987148,1.2127825259044067,1.2231181537947549,-0.4053300705117905,1.4443910733252032,-0.27426577571961297,0.7821955639760182,1.8566947115594064,-0.77663393670985,-1.7150604061764396,-2.074109090101316,-1.6858624692482254,-2.147843870991122,-2.01961252535867,4.094223565598681,0.9044584638234943,0.10198913711152856,-0.6070948375264573,-1.2451144129040614,-1.1598245105328109,-0.6244232523862753,-0.46050296680944874,C
8,0.8182179183292086,0.3851483464157909,-1.1839743441205084,1.1784813823453764,0.020120232223452408,0.1290356544741553,-0.17149858514250882,-1.0809741534900195,-1.231313071233064,-1.5811257930985139,0.7217927611344233,1.9638714517870883,2.3122443987734127,0.4251545104599491,-1.3494582365230787,-0.0013754748613637022,0.7744260432623644,-0.5444127610015818,0.11497140530025166,0.3960962212163795,0.7764089557923393,1.1988278870074682,1.9994324127347913,2.047011726140063,0.1628634656880116,-0.7664939973240739,-0.49790347113910105,-0.10246479256780885,-0.018056316016034062,0.06814375329266713,-0.09063663937710421,-0.09976959254294195,0.09395508163474246,-0.08193237200336036,0.05298006012177629,-1.0009906628549163,2.350086377486839,1.7757363794659773,-0.30564515000857206,1.5442172244530765,-0.20625821885871773,1.0587164874231492,0.933233910190271,-0.3924672290291654,1.521999666516745,0.9182993509215959,-0.9771136694887584,-0.40152696711655755,-0.23803120079776208,-0.2855099520185915,1.0587315638168568,-0.9676683099803816,1.5276624510144692,-3.016979008606837,2.3745941913541957,1.7489414526840046,1.0882862323719389,-0.1129123627055148,-1.1863574973657165,0.10799865620561572,-0.24287703373354685,-2.01642163615235,-0.6258280134113707,2.082879755011433,0.20630793928880845,0.5863697505843006,-0.33686198025682057,1.147251531010604,1.5854544417530732,-0.4416241149409814,0.9044584638234943,2.2696570523448347,0.5932021146331888,1.9860482191916027,2.0321435363722995,2.0861846256639796,2.0580377930907647,H
9,-0.8886234201047813,-0.5077373185029911,1.5684992536387663,-0.26744307673333156,0.986399222747724,0.937124591991847,-0.17149858514250882,0.42902610335866254,0.34340781362168354,0.07254818991377907,-1.503418925286832,-1.400624338022048,-0.7304317330637367,0.2842138674494082,0.5801289066555951,-1.2802408054395802,0.3909536829042006,0.3318162941105429,-0.3884371036911024,-0.5163364153338772,-0.5693489379498997,0.3675076494711485,-1.2054448004817193,-1.311306949581215,0.16630733872540762,-0.7049612841572358,-0.5103459368992113,0.09931954729789194,0.41878536766955804,-0.5675078947003924,0.6531042884799871,0.7070632550491918,-0.6887058644140488,0.638327449175654,-0.5465213637802225,-0.6503522680493193,0.32602188389841175,0.16463780826646432,-0.6766266892916915,-0.3421312988719332,-0.40858268051663466,-0.5987920025949898,-0.7746362443465934,-0.14961131401033131,-0.5678413222076109,-0.7896466239117718,-0.03125507181316126,-0.7177445032022605,-0.8796409515808055,1.1016592012567905,-0.6153513240515394,1.5119137337274366,-0.3771516496437098,1.598977349500634,0.27142004430830186,0.12494423593668337,-0.8993004613163459,-1.4418419699982765,0.5912711974385064,-0.16400295337246204,0.8934225120850451,0.291873540407774,-0.544276974130874,-0.2886636665361326,1.1414040082486516,0.31747255562817794,0.267969472129132,0.4722698265115823,0.7572363724209455,-0.5980326556492456,0.9044584638234943,-0.9854453803387659,-0.6929027825600104,-0.6187607861787306,-0.5796479187211654,-0.5665491899532284,-0.48323990143365675,C
10,-0.445746899267205,-0.5732542858616376,1.1858578394403125,-0.26023152449934106,-0.7313424566028496,-0.7009227274074894,-0.17149858514250882,0.42323580280822504,0.40427624538292023,0.3307069489155063,-0.6317759031544095,-0.6675648426858398,-0.5869448025459367,0.8094113170004482,-0.018793731556651674,-0.052391003215676704,-0.8591475668566975,-0.19587000056918216,-0.016601273186124903,-0.01744129930048769,-0.028824446928257905,0.5399968719240823,-0.7009463856623779,-0.6295606007284982,0.45885625815850584,-0.14238502326169986,-0.29116225297568127,-1.415759689234034,0.20981273418169047,-0.21599415374821676,0.21659219173015568,0.2155776717802067,-0.21561222505739808,0.21597076957288236,-0.2142988523850611,1.67347491319927,0.09134830416454544,0.3516229388898946,1.0990062589271241,0.5421955362095047,0.7261215056427986,0.7037862024411675,0.7139108195536616,-1.0998094169866974,0.51072025898384,0.6723146887015246,0.3334586949140947,0.49057224437465236,0.7686672199339998,1.055455266172463,0.6275156682117745,1.152406051300223,0.4409922762269606,1.5261253682808684,0.01763530972236687,0.2557382434832108,1.0952380163110182,-0.010658732279668093,0.2296396966325174,0.5434233228366916,0.43526779523387965,1.4323560794734436,-0.6369541884743045,-1.4299794076944388,0.4400582549946422,0.5001976434503091,0.561185326872117,0.34613238008141883,0.19918755381980827,0.18401004789207556,-1.0740444257903994,-0.4613246549263225,0.6246447422459567,0.0758821593903628,-0.19704080994256498,-0.2312195259766483,-0.23330862251598025,C
11,-0.4923978938139756,-0.617692743661295,2.18081134588506,-0.32607933448012755,-0.24593313984335638,-0.28894917887194715,-0.17149858514250882,0.47545850569581244,0.4556391424811595,0.37682190104814167,-0.6870737858783027,-0.693069400066439,-0.5645569384788227,0.8968189547035254,0.017605624944508333,-0.2901496372929652,-1.0409912385257984,0.17679402432842375,0.3397073468142491,0.04110723192023111,-0.15729156910942904,0.06273345942273184,-0.8883769580624171,-0.8312128748977264,-0.25305126343213896,-0.3253808904099808,-0.3949842355542877,-2.1187805742654597,0.22948966027672066,-0.24256529164867027,0.24628386082275147,0.2522925401299868,-0.2565557575736118,0.26239072268976826,-0.2676142274533318,0.3811406870979129,-0.17945953140445656,0.001470392947583526,-0.06403787881690745,0.005317294205678943,0.023441110227891113,0.10780643660122298,0.11163214334392113,-0.906319616303587,-0.031023863565288426,0.08714662532632259,0.6785758322024232,0.06609814736411206,0.3815140798015748,0.5642645828786618,0.08061219778577829,0.559535432040112,-0.036377624671301304,0.8593844988376285,-0.28352401283079004,-0.09506817456970833,-0.9164772686422938,-0.26028604791163024,0.4165362678660857,0.03905914515552603,0.5631222338590729,0.09618341653020798,-0.3137709637048727,-0.12257114571524455,0.36993961016780563,0.17911644961683962,0.2647627050665832,0.07852117607121917,-0.048055254684896395,0.18401004789207556,0.9044584638234943,-0.5797352369799249,0.3625552269188881,0.2312201580459822,-0.08104573039274642,-0.2312195259766483,-0.21986231253948885,C
12,-0.25152171900069964,-0.5257904419841019,2.030708860598185,-0.10140950318273574,-2.141032760600532,-2.087544012126658,-0.17149858514250882,0.2912899448117417,0.33295227722901294,0.43778656298909185,0.08924107472227727,-0.08554655728880066,-0.2989421308934527,-0.5869144638240009,-0.13979856152316683,1.3524465654231432,-0.00036040159591075086,-1.0254084819337164,0.5382921969520723,0.5557180063339187,0.602034274099741,-0.2433376420726993,-0.15694704398645112,-0.044386121572858754,2.698634241947708,1.1177272405229681,-0.016107735130844045,-0.5468813402164455,0.09430158674878324,-0.0360570667185776,0.0023945525588685,-0.02785070310022764,0.02803559634300455,-0.017963937965634655,-0.004005123929282693,-0.2636700249076348,0.9273798636669417,1.2301351150554716,-1.852586908347806,1.901978883428285,-2.2563068656865495,2.1754486974463654,2.3117191236736687,2.833451640876964,1.9960549518875925,2.3324222691907335,0.4055495776985148,2.2762618265227847,2.0169460885775545,-0.46675591450584397,2.2461163983522736,-0.35481738384229905,1.9784639763280427,-1.1141061925137656,0.9297528007861168,1.2632862250188528,-0.8885208856503116,1.0993000844726961,-0.13825810129905838,-0.00028717368906997566,0.11709555864045504,-0.7626501961087508,-1.3827294703402326,0.654402110746781,0.6482273859739367,1.4579183747061149,1.5039170310160224,1.1589792277888453,0.5354714439009252,-0.28521557423271715,0.9044584638234943,-0.11144391997283515,1.3812963615725549,-0.08610597185546473,-0.07496642189231222,-0.3631722546200052,-0.18555183107150514,C
13,-0.5046380062445639,-0.3234367502178057,-0.6007747640507728,0.0503392797301309,-1.2511220695981096,-1.4722922042375768,-0.17149858514250882,0.15731287693790322,0.1414088134180664,0.08622704276290385,-0.29622613140576576,-0.15394843300171587,0.030174988264922983,2.004889635580968,-0.5468860993995203,0.7419520436653425,-0.1104734194278525,-0.43962925750390713,0.4067195184656956,0.345867744432289,0.33954669592553244,0.41614182873419364,-0.6980302098541736,-0.49661474486798396,-1.4854666647978747,-0.20450524442185397,-0.33253650970697857,0.1334088239594691,0.13289033980947126,-0.10483079142035076,0.08727349375586559,0.06841053533682188,-0.06517090099283077,0.06580769136502095,-0.07028684317696941,-1.920650193168431,-0.003517766472236738,0.34086765955860987,-0.45480183450363076,0.7126122574914449,-1.9332677780147172,1.070961736592542,1.1990726581769753,2.3689343862588483,0.9418613982182784,1.2278266628350236,-2.099527447137985,1.258867047157073,1.3665159823680957,-2.4505615700885226,1.1600230529759523,-0.4025210906443141,0.810721839414039,0.31106530096925605,0.050335563619578305,0.39586477238771167,0.9457546481069335,0.569681740374845,-0.20365291710614739,-0.268559804028932,0.37238072651345455,0.3067389834854132,-0.47781563881862643,-0.2914875144376867,0.0634098791052159,0.17209306878792122,0.3290948342648993,-0.05408181788232523,-0.3850805669562614,-0.4416241149409814,0.9044584638234943,-0.606101140481783,0.9333910598371312,0.3804113974614055,0.20374998734606742,0.07642331351892113,0.26963598791951715,C
14,1.206591297023033,2.261086100672749,-0.2144627632754115,1.4296999519458522,1.2575772867640695,1.1625056387684345,-0.17149858514250882,-1.41486124601695,-1.3355654569077933,-1.1327560819958937,0.45649872011016773,0.5276451382304121,1.5597305950149072,0.9776894922128518,-1.4885313372751259,1.4552955779665258,1.4733848860871779,-0.4787645074051756,0.6232832439246386,0.8928342860995319,0.9637414163792918,0.9154527358347914,0.5381632259327886,0.49973467729305404,-0.016104871060754696,-0.8444200610428665,-0.5082494645480317,0.015375090695300206,-0.18110659302287815,0.35662782876404897,-0.45454639789393714,-0.5258604754189006,0.5156201691314306,-0.4743444270983867,0.391028440509703,-0.17691786266859247,-1.5391404514441338,-2.0575316114521685,-0.2448998514568606,-1.9935540069237294,-0.12596334751034202,-1.7916562507411442,-1.5977312099422913,-0.14190791246016604,-1.7814747108614075,-1.5970822428995772,0.19463804200859747,-0.7663418880621847,-1.0671855040897655,0.23351494781188825,-1.7863204957792995,0.27548003874393784,-1.990704425491124,0.1688115241208317,-1.5137330087435255,-2.0668007480407007,1.084254429382735,1.6911602272829622,-1.2540806421598292,-4.39209704932405,-1.9348101657577788,0.2515585222603489,2.3904557694553987,-0.22844946541993205,-2.1447640808497415,-2.4959962150982107,-2.149368697705685,-2.4810579346311665,-2.3052474439144093,2.8429552399325675,-1.0740444257903994,-1.007165932956785,-1.5836419944804103,1.5008150599486623,1.9540085674195813,2.4056196235973024,2.194349592304853,H
15,-0.5488960217110048,-0.157826617472249,-0.03283533109549406,-0.42220215324880883,-1.9405319077401504,-1.9914306982612455,-0.17149858514250882,0.5490716080625218,0.5908484453060375,0.699023268645757,0.28322074206406916,0.32150016542035925,0.01264467673184898,-1.0294030125045934,0.05162169622934837,0.5990361938332709,-0.4300350723706725,-0.3829018893168554,0.22856520846550857,-0.044250363596290594,-0.18727957169350642,0.03290449614139746,-0.015092600267235268,0.09198975367369086,0.08332505053202818,2.7617614589253603,1.8831610239529355,-0.191419276536375,0.23877996294039075,-0.2524565290769522,0.25750088954755673,0.2526846890434707,-0.24503606163096678,0.23379779519819796,-0.2146493427437013,0.23116896663412814,-0.013578829493126837,0.3616908648680726,-1.1383212379490142,0.8453767488040647,-0.5740816075552804,1.2380243858016924,1.3100281326733576,-0.7191584683522445,0.9659132785622404,1.3146972438527282,0.4642946599458319,2.2473954720051954,1.9608086775058848,0.014672458090997709,1.2272859795195856,-0.2955810106049699,0.8436437839922949,0.08578602082998456,-0.005514890838071027,0.3854266776228445,-0.9066418732341887,0.5108972054070924,0.18570031089994013,0.10953137282412721,-0.35662160053700204,-1.5481494851900823,-0.5575672225468215,1.4538518669945373,-0.1035878881996371,1.0774540344885057,1.1957185264926011,0.8176351775931376,0.3963374174241498,-0.4416241149409814,-1.0740444257903994,-0.12300932601480405,1.0719880251539622,-0.08610597185546473,-0.13129866899240508,-0.5240008769936825,-0.48323990143365675,C
16,0.2760491495087519,0.2816520537346057,-2.4600855651295572,1.5065782355966355,0.6641676095316368,0.7016274264399521,-0.17149858514250882,-1.5212974405388229,-1.6195813690505807,-1.807327578344377,1.2166939395535157,1.8670755129440115,1.849665079459659,0.04321410491215145,-1.4530442253811717,0.1265873352569867,1.090600777641883,-0.6277245019537868,0.4255156153923208,0.7587889646205175,1.0859147602403478,1.128794668868683,1.4178236672056839,1.15322676516458,-0.11543495026954695,-0.7960272731317101,-0.521153544041922,-0.25349947073649387,-0.13275528105133313,0.23262703550661942,-0.28354319863309746,-0.3090566078885633,0.2962434573915581,-0.2674022433018437,0.2060744919517306,-0.9894547495466152,2.642642082391728,1.8632661419359475,-0.07199443728010475,1.3094464121759928,0.09920412484308352,0.628767384782907,0.37001691819048305,-0.3202761054516341,1.2513892515555405,0.3701186418635293,-0.5422778180860368,-0.6640943169291975,-0.7195561629951243,-1.153517084479616,0.6200803896306161,-1.225556314642411,1.298430638243829,0.1672776124882729,2.5689324254495896,1.8443531397005073,-0.9130120280386956,0.062164528602346496,-1.433583805921428,-0.6700901666245455,0.42024897037047926,-2.3704815433327417,-0.7960999611490359,2.4180950081688817,0.8274133840722149,0.3181282372773344,-0.6579016794791432,0.8663062868502802,1.3084470867340796,-0.5980326556492456,0.9044584638234943,1.906234264009976,0.285914919050755,2.8463435452195562,2.3206336365142364,1.5942561627164793,1.6609920190651457,H
17,-0.5490499868418782,-0.3455015178048003,-1.1819370450422895,-0.8457742635798242,0.2011303476753417,0.30090428624541965,-0.17149858514250882,0.8365563160306555,0.8820247420511257,0.991744811462083,0.0007031426714659564,-0.23800824069224516,-0.8338672914959494,-1.1509607380022917,1.088418587706955,-1.3032405730785637,-0.014819293307731145,1.97189311489187,-0.2871016246084272,-0.6402127813903457,-0.7485365089461153,-0.9015202014325778,-0.7939839959814695,-0.7933316417612819,-0.09562990418244165,0.598708781568584,-0.3391305685272993,-0.16251917768565838,0.4542826639075813,-0.5764022923461332,0.6362029131090567,0.6765953297208794,-0.6693524014004015,0.6436651529726801,-0.5873658967989767,0.25538282431530007,-0.19633845113384946,-0.020638608409367282,0.6614610697525476,-0.19024174841561822,0.26101911649035614,-0.34039945511689945,-0.39887939444669396,-0.041513009410582814,-0.3832408341175153,-0.39485184904598625,0.5947836255655325,-0.5323272802259629,-0.4268570150960147,-0.23714437696064106,-0.30704405827954434,-0.5039428889054635,-0.1351193920345335,-0.35008941031429225,-0.16495009527740395,-0.013054651413600423,-0.901352649482655,-1.4582640484684695,1.4931096500312515,0.09427663065887941,0.8005717517458336,-0.03863251272173611,-0.8187376320821831,0.022553966881216535,1.1846554598473544,0.9242526052739466,1.1732610964068764,0.6641887130999456,0.4084877862952171,0.6532356700168683,0.9044584638234943,-0.34722138285553306,-0.10783163551603804,-0.4325913669874498,-0.4493846567839017,-0.6719293854156938,-0.7660267926315084,C
18,-0.7640668043016875,-0.5585737239099651,-0.2001426074821081,-0.36347641928117685,1.1196040184250202,1.1107288087653029,5.6594533097027915,0.5044696267622047,0.4331673658963463,0.1953010050537468,-1.6444436880748188,-1.785849673808171,-1.2274156617713643,0.6364239248377755,1.1351435861990875,-1.433418350341858,-0.4085706471100249,1.095617755013852,-0.36555489873695,-0.2485539225401678,-0.11101378734387746,0.11396146157980613,-0.8650475515967829,-1.0403101169951432,0.1382454961434254,-0.7478163945860661,-0.5288342276871274,-0.08419227322224845,0.33546492237787245,-0.4163418197117026,0.45601759082195215,0.4813421480211923,-0.4753790842470153,0.4567839314656928,-0.4204879461862459,0.06808294053614536,-0.19894870837429285,-0.13287692107620308,0.15444627746526873,-0.47626585152869694,0.0017665000428152,-0.7392121145868421,-0.8973374449264973,-0.18336738937800082,-0.7297612087773858,-0.9024643075491745,0.3405054166217344,-0.754599488443102,-1.0062240726353697,0.309167506460348,-0.7621219731954474,0.5575342082898465,-0.4897738166285274,0.9357440176773297,-0.19996155970203713,-0.1483157109208936,1.088065672805331,-1.58054346136545,1.0974293085443203,0.12294844205813411,0.9274657182482317,0.3184846822808003,-0.20238554064719316,-0.3046548746603549,0.7510453337793066,-0.04366891120992093,0.045419871171981804,0.015957963904856466,0.17402185235607445,-0.4416241149409814,-1.0740444257903994,-0.718426540807077,-0.7129854930997778,-0.6187607861787306,-0.718806983586944,-0.7747619062196748,-0.6563632565311005,C
19,-0.23073662242045534,-0.4881467037364014,0.16155224687698413,-0.37688649919442413,-0.7588164302258651,-0.7186072313079065,-0.17149858514250882,0.5147582986707218,0.5556096094084564,0.6485343708227252,-0.150287878384974,-0.39807821387931824,-0.6691343875597332,1.5699794617859395,0.2794354350030468,0.7177187395479843,-1.2395596738402181,-1.0194830927680032,0.4949794518602837,0.5390778974606617,0.34510002973739856,-0.15774148656973971,-0.455192297098253,-0.35537306760177384,-0.35513124511887545,0.24685546221760424,-0.21957368348723857,1.932132059634332,0.14037484974175546,-0.09398277476546797,0.06480867183524468,0.04621465929397147,-0.053689878368677266,0.07336577516847514,-0.10551133184162861,0.41867031313375797,-0.009299380712476537,0.3340282144764537,2.4794496679840967,0.5897583001624676,2.9076151490452475,0.746837614304125,0.78507369508327,1.8594200229843112,0.5667529072175116,0.7853014914815867,1.619711638830429,0.5518418602833496,0.8415937992223235,1.572172272920847,0.7377556752482226,1.1237423456707,0.5913383727434633,0.20362629985390998,-0.019264897499928737,0.3361725732963134,1.071192435784765,0.6539877675137626,0.31137998584371673,0.23365269781321563,0.33128793388689143,-0.22883668665034532,-0.5787044781576189,0.2962075791955151,0.37114614347584063,0.6443224942120303,0.7879435965001749,0.41110279697075924,0.13676385514525566,-0.28521557423271715,-1.0740444257903994,-0.22276146436811864,0.7771922000833832,0.0758821593903628,-0.237256706539693,-0.37514065100894706,-0.43239008174332516,C
20,-0.05467915620186717,-0.2482484667085644,0.7216115198386972,-0.38105634608006117,-0.14613753515629327,-0.08369223783335591,-0.17149858514250882,0.5179452482898831,0.5236496146970324,0.5154962577601794,-0.5490984021076797,-0.7522296529633693,-0.8423013338930545,0.4194924115456118,0.2892518602222282,0.009277132797241598,-1.4135583939437681,-0.48882478481667113,0.3723962110344669,0.3283031850660733,0.11111956513076984,-0.08770826843095463,-0.6593246036725532,-0.6565751986393549,-0.7676515068567723,-0.2829684967899681,-0.3988721915366509,0.663262515497046,0.20120640463731976,-0.19197605394963327,0.18091558577893718,0.1681562543826759,-0.16577905760659548,0.16622569784296046,-0.1666373194623087,0.18054507528865693,-0.28048080685897653,-0.0690110558175909,2.2059028274337282,0.02173584606118504,2.1525972659516324,0.09987545756858318,0.10787102453768482,-1.1334181699606871,-0.025475788938050928,0.1125425213326194,1.766810891412314,-0.08742162390363674,0.20944979947177067,1.2326686385819574,0.08352008159027369,0.007262685989352724,0.0063555376431405994,-0.24893533574982232,-0.26323195769047514,-0.03055467066099602,1.0987759291346548,0.04436130625815819,0.4457613448869601,-0.008451780129890375,0.42809506433854605,0.3685426873442345,-0.21424318236596995,-0.3191947626778566,0.24679860217364746,0.17402576589263272,0.3237255065463378,0.10908651347746356,0.04801823551663831,0.18401004789207556,0.9044584638234943,-0.45066065267639305,0.3806093808384768,-0.08610597185546473,-0.19704080994256498,-0.34843814366440007,-0.37071327195906323,C
21,-0.3585264754693649,-0.3767033837856986,-0.28976053683592917,-0.31599135092041986,0.28301828504044474,0.2332903380284203,-0.17149858514250882,0.46755228884710603,0.5671204058839909,0.8340985481713513,0.7360976033940934,0.6159611765123884,0.11379388485235499,-0.901845194713933,1.0160452735151375,1.988281701807905,0.009014084857124054,-1.314482978767408,0.7728347977321349,0.7969995849961445,0.5683440489744195,-0.2835418969301501,-0.5201434855537123,-0.29240991026623425,-0.7513904081499561,-0.38258636809405105,-0.27518983074650044,0.24634121837216372,0.06496178770168134,0.02234952940290932,-0.07194662964839772,-0.10456259249581844,0.09365922524680566,-0.06329856404723586,0.010472742109744396,0.9376447937246556,-1.2834009657627576,-1.2149217033922046,1.2297091778175444,-0.987285702240773,1.007560059454084,-0.7311992383555498,-0.5607028878844931,0.4293798669312021,-0.828484240797092,-0.548706804585568,1.0687515083144257,-0.36320414467481343,-0.13049958771395417,1.2253304627878685,-0.7166211258822835,1.6029841264194045,-0.9602694588400066,0.36455898026752676,-1.2480295964009316,-1.1682133797164793,-0.9112038889722143,1.6468635303027772,-0.01772014978247089,-0.22429140658529984,-0.14621262490453185,0.5353191195009904,1.2808360910793226,-0.561252785734773,-1.2465478054157801,-1.2547017950649175,-0.8793088062478149,-1.4311136728481066,-1.6101147945559273,0.6532356700168683,-1.0740444257903994,-0.08081131116616415,-0.07885869363196404,-1.2451144129040614,-1.008898176430388,-1.1510772651244154,-0.9110496585426556,C
22,-0.042362061932092875,0.3413546430261733,0.5069587531812,0.5890820074263315,0.5301735813693578,0.6835197211513224,-0.17149858514250882,-0.380751824921178,-0.5162498837117291,-0.8751233097162292,-0.40596074262342713,0.5547359714014155,1.3408941946427546,0.10486740036800324,-0.9067004566962704,-0.0005049793303678025,0.3648347722509723,-0.5946992995582272,-0.06073123988341896,-0.054727469183156095,0.16813379226592937,0.8408803276314553,0.14103310223369597,0.44464191462445696,-0.20086104214364695,-0.678861496656959,-0.4685766845351393,-0.1537675084494114,0.12823090760140085,-0.13630250115800707,0.14541139877349138,0.1518015749231922,-0.1477522837655794,0.13798744691544784,-0.1256669740552594,-0.7395167874603392,1.5195081599749547,1.366395285198279,-1.1307629876286331,0.9932499595021022,0.41161415012975555,0.42920307201259617,0.23905289135411828,-0.265855816250875,0.7859771602347752,0.27076071393390116,-0.07662387291399338,-0.6854910625988353,-0.78588490065365,0.3349855927949704,0.44998635490207683,-0.6553986024037101,1.0393235389032103,-0.5802503371934126,1.6702730203195695,1.460342566168544,-0.9315708178604623,-0.1556834037220229,-0.6797375052563176,-0.002637634786346976,0.9157845773552769,1.5649253577029505,-1.1184995161717295,-1.5851755899382427,1.2802286200761173,0.3764273089128543,0.0631543162746712,0.5827597882767991,0.7608275075233423,-0.4416241149409814,0.9044584638234943,1.4452602335362428,0.17775371882062213,0.2312201580459822,0.029265457322055835,0.43262150853091486,1.27431993032947,H
23,0.9516274456387026,-0.2278147115596149,-2.3374303613410015,1.990630808582256,-0.32568238260217697,-0.4266438901687019,-0.17149858514250882,-2.23681381840693,-2.11892922381185,-1.7427310223058572,1.5933650707877132,0.8028289555804873,0.9608876922956294,0.1694211301860832,-1.4011439079079053,0.6389271369104575,2.410567003660283,0.22209115884009342,0.17381136089664379,1.0429034161231643,1.2936094448041429,0.6904385997777689,-0.1977735053013114,0.2383099463289384,0.47347343878321396,-0.690610614533787,-0.4208369521390107,-1.5676175890414563,-0.21347969669849784,0.380444973530072,-0.4682302161584673,-0.5280328817074997,0.5164901237977961,-0.4770693098965058,0.3962253632820194,-2.7152680839828447,0.4241373634844877,0.23524268866590703,-1.4380775459660966,0.43853823239773737,-2.1613671737316404,0.6895425619913188,0.8020221364596607,-1.9747248384207217,1.0106249058519465,0.7945194545550446,-0.3246004235801634,0.23239012917367305,0.5594322498464576,-1.769999561258764,0.7165516523748431,0.7551479531398765,0.4606531044261194,1.83729276797255,0.35247721963301515,0.2215215922883942,-0.9065252672616908,1.376244460684413,-1.8026572769705589,-1.8192633744504803,-1.311571222835302,-3.2060269065323608,0.7302892409214039,3.254786912682178,-1.3008839897371844,-0.4430274718144608,-1.2208562650428214,-0.130508818842742,0.2772024616465515,-0.5980326556492456,0.9044584638234943,-0.11419508378710054,0.6063877326643494,0.3804113974614055,1.3424819983885945,2.1520165072734394,1.709682641524562,C
24,-0.17992860855763576,-0.5517790043580088,-0.02018890908493506,-0.3641356710524423,-0.048951763825313147,-0.014402844288506467,-0.17149858514250882,0.5049768376422515,0.46378643472570813,0.31754078059796975,-1.185933519817915,-1.373546762914307,-1.1254949228045381,-0.6713226246223346,0.5823957913380405,-0.8482515947964467,-1.2385240372687045,0.10434914931676158,-0.07625845038802237,-0.2134248038077364,-0.4182982582671396,0.2851537725857253,-0.40296623944223076,-0.47683240151593975,0.03877006078116173,-0.5307037215933175,-0.4760695724794451,0.286209875310562,0.26498026440776035,-0.3023679305188686,0.31935279742537315,0.3288206804618665,-0.3257343888237017,0.31736825881395175,-0.3000535611340615,1.1830363218156392,-0.033615120943875934,0.15637666011324602,0.728502848796087,0.0662640409220423,0.9880674937950441,0.06755787268330428,0.00965483194036211,0.7702368713582258,-0.05805241061496053,-0.030277451612414505,1.1348992193070455,-0.15533656451772115,0.12529067536932978,1.7098649307812457,-0.0003402828671593682,1.7556843045859525,-0.0195869217814384,0.18921872559337577,-0.09909538189970359,0.058586667425420375,-0.8899581236045556,-0.7312776244017718,0.6535389005031509,0.14022937311322814,0.6058026438375339,-0.07236303445031801,-0.44760460484707254,0.06659759535179015,0.5285104624744397,0.28633833568745215,0.3819305771044474,0.209733389697022,0.21276729460454835,-0.5980326556492456,-1.0740444257903994,-0.30878384977650264,0.21873056254822915,-0.2553498012658038,-0.3265821825495252,-0.3631722546200052,-0.6567386052203351,C
25,0.05194069107086752,-0.328594785498123,0.18038756018921223,-0.7745177315828248,0.22250071033389668,0.24360214114535772,-0.17149858514250882,0.792411300454598,0.8306768137904825,0.9210940940995918,-0.03270519498224223,-0.23268091636124896,-0.7763195411049891,0.11492364505012824,0.9914077737118402,-1.059305908887322,-0.25581201861460323,1.1808137665977287,-0.2127344585074317,-0.5271216710850622,-0.6089627191412119,-0.3704349638801242,0.21552813878873278,0.06792653745810347,-0.41592146046989154,0.42006391715050356,0.5823944330410716,-0.4281995199923419,0.407709706880207,-0.5121927331649234,0.5644004412129979,0.5940233833362396,-0.5828114174693759,0.5537685853245099,-0.496901695180878,0.5127895455064302,-0.5901441002070621,-0.37716732199390174,-0.31229990378448386,-0.461939729497215,-0.32034152625411805,-0.495551058472775,-0.5104737759999554,-0.4508800867411305,-0.5849179871567947,-0.5163342661395312,0.08170664354654633,-0.45416193881367706,-0.3031145828126256,0.15506770273458265,-0.49847966112484016,0.5061727415497186,-0.4728807460945636,-0.26445725413252963,-0.6028037546236497,-0.3972513840742478,-0.9159676691086166,-1.0720443873927579,1.0751922222195247,-0.023343757956333082,0.23690723933484295,0.5288359568984627,0.04856674979982561,-0.5343090725210651,0.12120123720837779,0.26772176147246024,0.470999383141716,0.20941304428075147,0.21385431260502166,0.18401004789207556,-1.0740444257903994,0.24826037581897076,-0.024087664887142857,-1.0230884106553806,-0.4650254503411797,-0.7228708606864049,-0.6989411440227665,C
26,3.0469596098375997,-0.436115165507647,-0.05595271173995526,0.37937820840751363,-1.6079885520936785,-1.665895561802511,-0.17149858514250882,-0.15974924075110544,-0.11835717527852048,-0.020244443074170945,0.09911046486559466,0.21272784011503879,0.6226407003106822,-0.2229734512851125,-0.8411520078013789,1.8035087373752,0.6232213558345834,-0.7459642239369132,0.5930460445209372,0.7369103029538278,0.6734871691457526,0.40057889137001923,0.16756777129406727,0.2234478561193452,3.1081708393109966,0.3500054643108316,0.31777172515396257,-2.599107103312656,0.02289586237351204,0.07499375166163744,-0.13452551774086832,-0.18909161050330867,0.19312456432495798,-0.18143751765909344,0.1516601074170973,1.8892078022970684,0.03125966645229136,0.4121240755106978,-2.0193963869034945,1.0880595950527256,-0.43920774518521194,1.591701917515208,1.7590811704180864,0.7871483939029019,1.4336994631385904,1.7689358159151076,1.3791627475673125,2.0168621150777506,1.8567387849202843,0.44278967222189697,1.5703354578136468,0.7889410484953047,1.0572144514717072,2.009946288098291,0.045389248919240906,0.4250071541376971,-0.9009531014905264,1.4853031656031475,-0.494412638437934,0.043507474975419735,-0.5356959673059003,-0.584987159411641,-0.14857887649119814,0.2815616309819074,-0.6590786162669973,0.20838956177472362,0.23768064547248777,0.07368710211014637,-0.16805842261863624,-0.4416241149409814,0.9044584638234943,-0.33393539192428434,1.146436755461027,0.2312201580459822,0.029265457322055835,0.400149534084184,0.7935350144241345,C
27,-0.7247290844775955,-0.5535644781088879,-0.46269663425889485,-0.941188007516866,0.06840782456268996,0.22806703670821732,-0.17149858514250882,0.8930111774145593,0.9603047161628406,1.1391279270615844,0.5080601024085948,0.47686303749542563,-0.19524700147016807,-0.2355473579357419,1.2463549886843392,-1.264427986440184,0.7950196732600383,1.8632431197695065,-0.446459837681989,-1.0688496599588722,-1.2387107734068379,-1.135612717618702,-0.5103345305624797,-0.5461769599327838,0.004387468690179107,1.9719049701327653,1.1504646388243691,0.4726420782081241,0.539543197197522,-0.7230036487396876,0.8225004325731962,0.8872826321210251,-0.8697329295447708,0.8179298283267228,-0.7166750961677364,-0.477805046291474,-0.48487886025087035,-0.284234863450046,-0.8048457715556314,-0.42793797682801793,-0.18871774880219364,-0.5240452257304242,-0.5560472478629956,-0.05513956776260911,-0.5777344494540296,-0.5513278721370485,-0.07657633487240717,-0.5322077078080925,-0.4849704853414087,0.24007086697906035,-0.5291848128185134,-0.45054629392703127,-0.43160235400192243,-0.6283424150120103,-0.46234787070714317,-0.2754785078258685,-0.8557238313678555,-1.4645925721391724,1.356064973858763,0.06952321428829002,0.47924758029380365,0.15258037296910607,-0.3901872262850085,-0.14316898187122867,0.689460589433273,0.799945196180945,1.0429717248074875,0.5947228145582709,0.3283232086972886,-0.5980326556492456,-1.0740444257903994,-0.30993092039075093,-0.13809254694117726,-1.0230884106553806,-0.7380621269008454,-0.7058903689295012,-0.7794731026079995,C
28,-0.3845463371142634,-0.517507827639746,-0.45954621820106467,-0.5922172450943507,0.5089146066447054,0.5284344333446356,-0.17149858514250882,0.6717031675562384,0.6702613460566691,0.6418842366627926,-0.6110812811880282,-0.7932743603057241,-0.952552812581747,0.9236431684961148,0.48458357549672043,-1.0596959027771269,-0.3977981841206421,1.280525601575408,-0.10894731460824017,-0.387221496483976,-0.5845280503690007,-0.5610809465912614,-0.8820143926626988,-0.8958777391882804,0.2554291363396027,-0.2863981955456766,-0.44552497353663295,-0.27904696546092017,0.37717475367263253,-0.46685411824776674,0.5120984723067753,0.5471923881536868,-0.5460031842127017,0.532808403297771,-0.4999033440536812,1.2204500583974394,-0.32279682521377595,-0.15511639312212858,0.7895607257843689,-0.3393651928565887,0.8311618315343983,-0.47659458571457164,-0.5611708829507981,-0.18169627768081142,-0.5113085823568413,-0.5589766595280073,0.6613781831120528,-0.5870703143822176,-0.5348002965268643,0.25127112231484905,-0.47783923534625733,-0.11809873581434019,-0.3286867056395837,-0.15118987807766693,-0.30892623892154764,-0.15790193205027092,1.0846781937099377,-1.0996443764874673,0.9846430567548804,0.22299603851080652,0.9184013532034304,0.6185319456739414,-0.4588372252633105,-0.6129513416327204,0.8639478037983638,0.31395741712233033,0.4911763166567478,0.14556672042199628,-0.008429630066454086,0.6532356700168683,-1.0740444257903994,-0.37899184433832867,-0.15249529894444497,0.0758821593903628,-0.4429368358206265,-0.34843814366440007,-0.44583639171981654,C
29,3.6212806467731213,2.186939343518187,-0.1940401921242588,2.642003648647726,1.3311924744107455,1.2276223613180164,-0.17149858514250882,-3.3237878335072626,-3.1301028268538817,-2.4553637506333152,3.1311965570856466,0.7403913433531513,-0.6012177377707153,-0.11660253096725436,-0.04929699501796575,-0.8201294154250492,2.8009336607919413,3.0931310833693786,0.2955773801169551,0.398561422530936,0.24736135464855366,0.2780207596271453,2.708593347911743,3.1758815774228624,0.08061900544581418,-0.8336789288515982,-0.5196274740066085,0.09561099495983315,-0.35725526300039573,0.5866121735154786,-0.6976061757309786,-0.761168357671758,0.7333765065592768,-0.6648462954848204,0.5361699595896676,-0.19566756112345385,-1.3110668411560118,-2.074300415542128,-0.5198036007294009,-2.0877513719469523,-0.28292911040532787,-1.918929413935717,-1.7478732704821347,-0.0982620464757866,-1.832226329008004,-1.7425965565337107,-0.16129500632583604,-0.7796369282919774,-1.1465901767223123,-0.17003478603050684,-1.9064734201021971,-0.5114536959637606,-2.074269892321637,-0.02517445943121181,-1.271642274816544,-2.062498350569028,-0.908230896641675,1.1121031851017225,-2.8703039195595728,2.587061157465135,-2.992223724326304,0.361028433626414,2.5198283687495606,-0.3554509793823222,-2.290115464341034,-1.9149183780657286,-2.2208898193457296,-1.781617047632501,-1.4671412450093713,-0.5980326556492456,-1.0740444257903994,-1.3127877908564178,-2.3295422637200622,-0.2553498012658038,-0.3265821825495252,-0.45325147251331377,-0.45896660136323475,C
30,0.451399454607489,0.2587764820480153,0.9060711060731609,-0.38880107599313185,-2.3048469307378494,-2.294490212967282,-0.17149858514250882,0.5238489433890349,0.5314351271736814,0.5420276673155284,-0.002147586089987644,0.21073514806782478,0.12161946748947129,-0.09427996106847376,-0.19158473187155772,0.019404481107979692,-0.21966124391882175,0.512862043471783,-0.10077509855318577,-0.5215749681273099,-0.5171476001183576,0.4304078546513536,1.3968444480031241,1.6877388452626092,0.11560115357562288,2.3935318594587764,4.450234646515877,2.0301136725294,0.26747109729922336,-0.2999636853302599,0.31366513817071945,0.3160333282292798,-0.3089811578967617,0.2961906838183165,-0.272123308153077,1.0934325221465873,0.18165047287065134,0.5708306199616443,0.5831552501867169,1.1302587344144215,0.6713050674813001,1.5594214694973154,1.6040895844081733,0.21059618085499657,1.1998671890199366,1.574765208155909,-2.445815658060756,2.908644828687707,2.2859614988332213,-0.08919029804507733,1.4800677061640195,-0.7655116229946314,1.049350513418767,-0.20598702710185562,0.08696735933431524,0.4847758972179216,1.085362297861304,0.028729585613389695,0.2244372216582168,0.25959867749529236,-1.1638772026210622,0.9348619911120848,-0.35402867922718395,-0.8095837263457869,-0.7548336661818155,1.2409516098328295,1.2867207649699328,1.1286620430936496,0.9525957096073076,-0.28521557423271715,0.9044584638234943,1.2721379972549367,1.1208296915416291,0.2312201580459822,0.13448269022109072,-0.029573516537365632,-0.025308310133009257,C
31,-0.36945789663378975,-0.4615629834455347,1.3987666957390128,1.3195771657252156,1.09404005539774,1.0703474699812168,-0.17149858514250882,-1.265893320306336,-1.393846466427143,-1.6738714877407002,0.8292150631826484,1.673676100179535,1.8679022646770347,0.07589095032584364,-1.3376920723802035,0.08965703949155651,0.9138493358955022,-0.8813031741902853,0.3576862221353689,0.5153503348080545,0.8001031800563017,1.0412531461952017,-0.8594803068720291,-0.9915987554078507,0.01566056965911461,-0.8217621121641249,-0.5288232858705234,0.28799323621888884,-0.06642481296711655,0.12913871954421013,-0.15655721353480231,-0.16074796697269805,0.14721915536797256,-0.12429140547439835,0.07683618110162659,-0.10124089025154935,1.5893985569238849,1.0502306644575412,0.7329530124198748,0.34187386799686237,0.9379441361067605,-0.18888437892683518,-0.4640473287398744,0.3890472674981205,0.25373354645448215,-0.46539228383976333,0.05430159293202493,-0.7587629625943983,-1.0383773816106723,0.5474702653818744,-0.19997825545405884,0.31449468180105344,0.3265455963570001,1.431418326770005,1.6408874743577702,1.0665664058486208,1.0794549345724436,-0.1145456954198609,-1.2702255620658158,0.29808096062953743,1.2448914222914325,0.3439535515829322,-0.6669732815254757,-0.3074110625803047,1.2495599768867127,-0.24681233074522227,-0.7577109404170319,0.06245131112545527,0.3262991086275569,0.18401004789207556,0.9044584638234943,-0.8900711898526771,-0.3614366308228355,1.1665647631892475,1.920719491452941,1.7647316274044735,1.6504727266688883,H
32,0.7035149779419343,0.0934217741193805,0.32031863175407577,1.4026071222937517,0.8709002467063978,0.8509200066482924,-0.17149858514250882,-1.377834151003914,-1.491139988053162,-1.730612069269286,1.019414514638577,1.900707711988978,2.0578898269868375,-0.2198279663528537,-1.4253052818452177,0.1277925405504302,0.8787726597941741,-0.5718010003017231,0.7360598254843901,1.0521479210527513,1.324337891896469,0.7941915155389319,2.4707924660972655,1.7902666893022376,-1.2563447050833383,-0.8127599751080232,-0.5241351944815393,-0.026293704130904406,-0.10077569212346016,0.18981105696167924,-0.2348610735205808,-0.25829175076395483,0.24794831886969557,-0.22385665380256006,0.1718073984549567,1.3944564718621195,1.5123288240087502,0.975829071969961,1.1161795276820359,0.40217507671502706,0.39500355544572424,-0.03383174567472804,-0.28131602631121766,-0.9439964311939412,0.3331117183593074,-0.27801899997247403,-0.11374946112347187,-0.680467829540827,-0.7479562622527874,0.6108205496429387,-0.027509513551724065,1.1347547347815348,0.4079603530797512,0.678618623260224,1.5395837135721389,0.9931586294745879,1.1581937848781487,0.053929114295782496,-1.3357718351564756,0.22577464688403723,-0.27522624525984624,-1.2513626232645694,0.19621495129591293,1.2907542687417313,-0.14058646421400636,-0.012499451731363955,-0.8829284212257932,0.6052960284837975,1.1073162123274598,-0.4416241149409814,-1.0740444257903994,3.461593813210393,-0.2634573460682116,2.3926576150954895,2.1524398684519546,1.9244252834945594,1.987789930991864,H
33,-0.6390482974634772,-0.4456425091668633,-1.1409151093329377,-0.26003011939739673,0.13564272759043958,0.47342719545375156,-0.17149858514250882,0.4230738400292956,0.3842440608398498,0.25117885876629675,-0.9783301983009798,-1.0894491909575519,-0.8713239265448972,-0.2595188414097914,0.2513146507264976,-0.4088174724824101,-0.9469693293911174,-0.397137970709291,-0.04438680777331006,0.2161365252537488,0.27327691243726265,-0.09678664856005642,-1.2059750142650292,-1.1709161257925123,0.7208199194050384,-0.46410453360153425,-0.49482111178389027,0.5600624631576887,0.25643505125838434,-0.2976212757740914,0.32077324697511084,0.3353033935462046,-0.3307800170408177,0.3181609337513894,-0.2943017672664434,-0.12187662627393195,0.10613099835605824,0.2485578484718616,-0.5473613259286236,0.20333692244663168,-0.5509229388306557,-0.05771931140694004,-0.016533406981652992,-1.4767004318255983,0.02937739825976938,0.006348538210673302,-0.10371051824230217,-0.6964387505034534,-0.9710288962726263,-1.2462885901301752,-0.024156014732172965,-1.5982306932337416,0.2580708015856887,-0.6775702956856503,0.1642872941858641,0.3117139053422353,-0.9161653078388342,-0.3198960405735679,0.3084673429232792,0.0026180972184809245,0.933856518604761,0.287858564353527,-0.6530228994227848,-0.3231246744680556,0.899759364182697,0.2811092823215937,0.4052314308358812,0.1610989982963467,0.1237889262658043,-0.4416241149409814,0.9044584638234943,-0.6672614004978807,0.07409447552949845,-0.2553498012658038,-0.19704080994256498,-0.44222431750783614,-0.35031374687706884,C
34,-0.07060334265274158,-0.3126187326778232,0.18099231106331023,-0.34547453934461964,0.6960571351978107,0.6613279650790027,-0.17149858514250882,0.4905546369027122,0.4274744051229705,0.2177916078833309,-1.4476425355000129,-1.6167734603329047,-1.2476224991743705,0.1832903633004026,0.9839935978672102,-1.192884517137673,-0.5010018619565755,0.2719644216061441,-0.35574823947088463,-0.4282054683384793,-0.42385159207900586,0.09645315704510983,0.9180924619907991,0.4697722616728524,-0.7902922274252115,-0.7085492472244204,-0.5167078215885312,-0.4787236990947098,0.31334221289885544,-0.3927363031608997,0.43704590455713577,0.4713133629724918,-0.4698601713644524,0.4557112312502263,-0.4252259217709077,-0.5661841863430747,0.19384670919421185,0.21268483849753692,-0.30113248738298876,-0.13408557850703404,-0.18119822329032362,-0.3671750618556365,-0.5222186667814755,-0.3674893619784671,-0.37530425927291977,-0.5463243706167784,-0.4281208970506898,-0.6306225234898714,-0.626015209736691,0.40006516969895745,-0.39903517493459245,0.6709168287023894,-0.1886127536241278,-0.1532940924722913,0.11896236588824964,0.1580610608981635,-0.9358354326231374,-1.2298553812053634,0.7360772566139653,0.29677716444895086,0.14448730598819223,0.513099065939493,-0.19580727967188608,-0.5174298386363732,0.3843696396151532,0.4634285376358556,0.3891129258038568,0.7262314452632727,1.190949087921428,-0.5980326556492456,0.9044584638234943,0.6660711187526169,-0.2826948658285453,-0.4325913669874498,-0.5796479187211654,-0.8330235805457359,-0.8460081898370148,C
